GeomProj_SpinUp_SG_spcvx300_NL-500_FrM200_FlM30_FC50_FT50_TS0.05_OF80_hmin350_BuH0_BuP0_BuS0_ByH0_ByP0_ByS0_Stallo_IF150000_linRheol_3DFr_MS1000000_newMassSpc_MSF300000_xdim200000_FrGr5, ,300,-500,50,0.05,80,350,200,30,50,0,0,0,0,0,0,0,0,0,[200000],10000,2000,2500,-0.002,0.003,100,Stallo,F
GeomProj_SpinUp_SG_spcvx300_NL-500_FrM200_FlM30_FC50_FT100_TS0.025_OF40_hmin350_BuH0_BuP0_BuS0_ByH0_ByP0_ByS0_Stallo_IF150000_linRheol_3DFr_MS1000000_newMassSpc_MSF300000_xdim200000_FrGr5_fineMesh, ,300,-500,100,0.025,40,350,200,30,50,0,0,0,0,0,0,0,0,0,[200000],10000,2000,2500,-0.002,0.003,100,Stallo,F
GeomProj_SpinUp_SG_spcvx300_NL-500_FrM200_FlM30_FC50_FT100_TS0.05_OF20_hmin350_BuH0_BuP0_BuS0_ByH0_ByP0_ByS0_Stallo_IF150000_linRheol_3DFr_MS1000000_newMassSpc_MSF300000_xdim200000_FrGr5_spcvy0onwalls, ,300,-500,100,0.05,20,350,200,30,50,0,0,0,0,0,0,0,0,0,[200000],10000,2000,2500,-0.002,0.003,100,Stallo,F
GeomProj_extenddomain_SG_spcvx300_NL-500_FrM200_FlM30_FC50_FT10_TS0.083_OF12_hmin350_BuH0_BuP0_BuS0_ByH0_ByP0_ByS0_Stallo_IF150000_linRheol_3DBedFr_MS1000000_newMassSpc_MSF100000_FrGr5_fineMesh_accT85, ,300,-500,10,0.083,12,350,200,30,50,0,0,0,0,0,0,0,0,0,[200000],10000,2000,2500,-0.002,0.003,100,Stallo,F
GeomProj_extenddomain_SG_spcvx300_NL-500_FrM200_FlM30_FC50_FT10_TS0.05_OF20_hmin350_BuH0_BuP0_BuS0_ByH0_ByP0_ByS0_Stallo_IF150000_linRheol_3DBedFr_MS1000000_newMassSpc_MSF100000_FrGr5_fineMesh_accT85, ,300,-500,10,0.05,20,350,200,30,50,0,0,0,0,0,0,0,0,0,[200000],10000,2000,2500,-0.002,0.003,100,Stallo,F
GeomProj_SpinUp_load_SG_spcvx300_NL-500_FrM200_FlM30_FC50_FT10_TS0.05_OF10_hmin350_BuH0_BuP0_BuS0_ByH0_ByP0_ByS0_Stallo_IF150000_linRheol_3DBedFr_MS1000000_newMassSpc_MSF100000_FrGr5_fineMesh_accT85, ,300,-500,10,0.05,10,350,200,30,50,0,0,0,0,0,0,0,0,0,[200000],10000,2000,2500,-0.002,0.003,100,Stallo,F
GeomProj_SpinUp_load_SG_spcvx300_NL-500_FrM200_FlM30_FC50_FT5_TS0.05_OF10_hmin350_BuH0_BuP0_BuS0_ByH0_ByP0_ByS0_Stallo_IF150000_linRheol_3DBedFr_MS1000000_newMassSpc_MSF200000_FrGr5_fineMesh_accT85, ,300,-500,5,0.05,10,350,200,30,50,0,0,0,0,0,0,0,0,0,[200000],10000,2000,2500,-0.002,0.003,100,Stallo,F
GeomProj_SpinUp_load_SG_spcvx300_NL-500_FrM200_FlM30_FC50_FT5_TS0.025_OF10_hmin350_BuH0_BuP0_BuS0_ByH0_ByP0_ByS0_Stallo_IF150000_linRheol_3DBedFr_MS1000000_newMassSpc_MSF100000_FrGr5_fineMesh_accT85, ,300,-500,5,0.025,10,350,200,30,50,0,0,0,0,0,0,0,0,0,[200000],10000,2000,2500,-0.002,0.003,100,Stallo,F
GeomProj_SpinUp_load_SG_spcvx300_NL-500_FrM200_FlM30_FC50_FT5_TS0.025_OF10_hmin350_BuH0_BuP0_BuS0_ByH0_ByP0_ByS0_Stallo_IF150000_linRheol_3DBedFr_MS1000000_newMassSpc_MSF200000_FrGr5_fineMesh_accT85, ,300,-500,5,0.025,10,350,200,30,50,0,0,0,0,0,0,0,0,0,[200000],10000,2000,2500,-0.002,0.003,100,Stallo,F
GeomProj_extenddomain_SG_spcvx300_NL-500_FrM200_FlM30_FC50_FT50_TS0.025_OF10_hmin350_BuH0_BuP0_BuS0_ByH0_ByP0_ByS0_Stallo_IF150000_linRheol_3DBedFr_MS1000000_newMassSpc_MSF100000_FrGr5_fineMesh_accT125, ,300,-500,50,0.025,10,350,200,30,50,0,0,0,0,0,0,0,0,0,[200000],10000,2000,2500,-0.002,0.003,100,Stallo,F
GeomProj_SpinUp_SG_spcvx300_NL-500_FrM200_FlM30_FC50_FT50_TS0.025_OF10_hmin350_BuH0_BuP0_BuS0_ByH0_ByP0_ByS0_Stallo_IF150000_linRheol_3DFr_MS1000000_newMassSpc_MSF100000_xdim200000_FrGr5_fineMesh, ,300,-500,50,0.025,10,350,200,30,50,0,0,0,0,0,0,0,0,0,[200000],10000,2000,2500,-0.002,0.003,100,Stallo,F
GeomProj_SpinUp_SG_spcvx300_NL-500_FrM200_FlM30_FC50_FT50_TS0.025_OF20_hmin350_BuH0_BuP0_BuS0_ByH0_ByP0_ByS0_Stallo_IF150000_linRheol_3DFr_MS1000000_newMassSpc_MSF150000_xdim200000_FrGr5_fineMesh, ,300,-500,50,0.025,20,350,200,30,50,0,0,0,0,0,0,0,0,0,[200000],10000,2000,2500,-0.002,0.003,100,Stallo,F
GeomProj_SpinUp_SG_spcvx300_NL-500_FrM200_FlM30_FC50_FT50_TS0.025_OF20_hmin350_BuH0_BuP0_BuS0_ByH0_ByP0_ByS0_Stallo_IF150000_linRheol_3DFr_MS1000000_newMassSpc_MSF200000_xdim200000_FrGr5_fineMesh, ,300,-500,50,0.025,20,350,200,30,50,0,0,0,0,0,0,0,0,0,[200000],10000,2000,2500,-0.002,0.003,100,Stallo,F
GeomProj_SpinUp_load_SG_spcvx300_NL-500_FrM200_FlM30_FC50_FT10_TS0.025_OF20_hmin350_BuH0_BuP0_BuS0_ByH0_ByP0_ByS0_Stallo_IF150000_linRheol_3DBedFr_MS1000000_newMassSpc_MSF200000_FrGr5_fineMesh_accT85, ,300,-500,10,0.025,20,350,200,30,50,0,0,0,0,0,0,0,0,0,[200000],10000,2000,2500,-0.002,0.003,100,Stallo,F
GeomProj_SpinUp_load_SG_spcvx300_NL-500_FrM600_FlM90_FC50_FT10_TS0.025_OF20_hmin350_BuH0_BuP0_BuS0_ByH0_ByP0_ByS0_Stallo_IF150000_linRheol_3DBedFr_MS1000000_newMassSpc_MSF200000_FrGr5_fineMesh_accT85, ,300,-500,10,0.025,20,350,600,90,50,0,0,0,0,0,0,0,0,0,[200000],10000,2000,2500,-0.002,0.003,100,Stallo,F
GeomProj_SpinUp_load_SG_spcvx300_NL-500_FrM200_FlM30_FC70_FT5_TS0.025_OF10_hmin350_BuH0_BuP0_BuS0_ByH0_ByP0_ByS0_Stallo_IF150000_linRheol_MS1000000_newMassSpc_MSF200000_fineMesh, ,300,-500,5,0.025,10,350,200,30,70,0,0,0,0,0,0,0,0,0,[200000],10000,2000,2500,-0.002,0.003,100,Stallo,F
GeomProj_SpinUp_load_SG_spcvx300_NL-500_FrM200_FlM30_FC80_FT5_TS0.025_OF10_hmin350_BuH0_BuP0_BuS0_ByH0_ByP0_ByS0_Stallo_IF150000_linRheol_MS1000000_newMassSpc_MSF200000_fineMesh, ,300,-500,5,0.025,10,350,200,30,80,0,0,0,0,0,0,0,0,0,[200000],10000,2000,2500,-0.002,0.003,100,Stallo,F
GeomProj_SpinUp_load_SG_spcvx300_NL-500_FrM200_FlM30_FC90_FT5_TS0.025_OF10_hmin350_BuH0_BuP0_BuS0_ByH0_ByP0_ByS0_Stallo_IF150000_linRheol_MS1000000_newMassSpc_MSF200000_fineMesh, ,300,-500,5,0.025,10,350,200,30,90,0,0,0,0,0,0,0,0,0,[200000],10000,2000,2500,-0.002,0.003,100,Stallo,F
GeomProj_SpinUp_load_SG_spcvx300_NL-500_FrM200_FlM30_FC100_FT5_TS0.025_OF10_hmin350_BuH0_BuP0_BuS0_ByH0_ByP0_ByS0_Stallo_IF150000_linRheol_MS1000000_newMassSpc_MSF200000_fineMesh, ,300,-500,5,0.025,10,350,200,30,100,0,0,0,0,0,0,0,0,0,[200000],10000,2000,2500,-0.002,0.003,100,Stallo,F
GeomProj_SpinUp_load_SG_spcvx300_NL-500_FrM30_FlM200_FC50_FT10_TS0.025_OF10_hmin350_BuH0_BuP0_BuS0_ByH0_ByP0_ByS0_Stallo_IF150000_linRheol_MS1000000_newMassSpc_MSF200000_fineMesh, ,300,-500,10,0.025,10,350,30,200,50,0,0,0,0,0,0,0,0,0,[200000],10000,2000,2500,-0.002,0.003,100,Stallo,F
GeomProj_SpinUp_load_SG_spcvx300_NL-500_FrM30_FlM200_FC50_FT10_TS0.025_OF5_hmin350_BuH0_BuP0_BuS0_ByH0_ByP0_ByS0_Stallo_IF150000_linRheol_MS1000000_newMassSpc_MSF200000_fineMesh, ,300,-500,10,0.025,5,350,30,200,50,0,0,0,0,0,0,0,0,0,[200000],10000,2000,2500,-0.002,0.003,100,Stallo,F
GeomProj_SpinUp_load_SG_spcvx300_NL-500_FrM30_FlM600_FC50_FT10_TS0.025_OF5_hmin350_BuH0_BuP0_BuS0_ByH0_ByP0_ByS0_Stallo_IF150000_linRheol_MS1000000_newMassSpc_MSF200000_fineMesh, ,300,-500,10,0.025,5,350,30,600,50,0,0,0,0,0,0,0,0,0,[200000],10000,2000,2500,-0.002,0.003,100,Stallo,F
GeomProj_SpinUp_load_SG_spcvx300_NL-500_FrM30_FlM600_FC50_FT10_TS0.025_OF5_hmin350_BuH0_BuP0_BuS0_ByH0_ByP0_ByS0_Stallo_IF150000_linRheol_MS1000000_newMassSpc_MSF200000_fineMesh, ,300,-500,10,0.025,5,350,30,600,50,0,0,0,0,0,0,0,0,0,[200000],10000,2000,2500,-0.002,0.003,100,Stallo,F
GeomProj_SpinUp_load_SG_spcvx300_NL-500_FrM30_FlM600_FC50_FT10_TS0.025_OF5_hmin350_BuH0_BuP0_BuS0_ByH0_ByP0_ByS0_Stallo_IF150000_linRheol_MS1000000_newMassSpc_MSF200000_fineMesh_mincal1000, ,300,-500,10,0.025,5,350,30,600,50,0,0,0,0,0,0,0,0,0,[200000],10000,2000,2500,-0.002,0.003,100,Stallo,F
GeomProj_SpinUp_load_SG_spcvx300_NL-500_FrM30_FlM600_FC50_FT5_TS0.025_OF5_hmin350_BuH0_BuP0_BuS0_ByH0_ByP0_ByS0_Stallo_IF150000_linRheol_MS1000000_newMassSpc_MSF200000_fineMesh_3DFr, ,300,-500,5,0.025,5,350,30,600,50,0,0,0,0,0,0,0,0,0,[200000],10000,2000,2500,-0.002,0.003,100,Stallo,F
GeomProj_SpinUp_SG_spcvx300_NL-500_FrM400_FlMreal50_FC50_FT20_TS0.025_OF20_hmin350_BuH0_BuP0_BuS0_ByH0_ByP0_ByS0_Stallo_IF150000_MS1000000_newMassSpc_MSF200000_xdim200000_fineMesh, ,300,-500,20,0.025,20,350,400,50,50,0,0,0,0,0,0,0,0,0,[200000],10000,2000,2500,-0.002,0.003,100,Stallo,F
GeomProj_extenddomain_SG_spcvx300_NL-500_FrM400_FlMreal50_FC50_FT80_TS0.025_OF40_hmin350_BuH0_BuP0_BuS0_ByH0_ByP0_ByS0_Stallo_IF150000_MS1000000_newMassSpc_MSF200000_xdim150000_fineMesh_accT125, ,300,-500,80,0.025,40,350,400,50,50,0,0,0,0,0,0,0,0,0,[150000],10000,2000,2500,-0.002,0.003,100,Stallo,F
GeomProj_extenddomain_SG_spcvx300_NL-500_FrM400_FlMreal50_FC70_FT80_TS0.025_OF40_hmin350_BuH0_BuP0_BuS0_ByH0_ByP0_ByS0_Stallo_IF150000_MS1000000_newMassSpc_MSF200000_xdim150000_fineMesh_accT125, ,300,-500,80,0.025,40,350,400,50,70,0,0,0,0,0,0,0,0,0,[150000],10000,2000,2500,-0.002,0.003,100,Stallo,F
GeomProj_extenddomain_SG_spcvx300_NL-500_FrM400_FlMreal50_FC50_FT10_TS0.025_OF40_hmin350_BuH0_BuP0_BuS0_ByH0_ByP0_ByS0_Stallo_IF150000_MS1000000_newMassSpc_MSF200000_xdim150000_fineMesh_accT125, ,300,-500,10,0.025,40,350,400,50,50,0,0,0,0,0,0,0,0,0,[150000],10000,2000,2500,-0.002,0.003,100,Stallo,F
GeomProj_extenddomain_SG_spcvx300_NL-500_FrM400_FlMreal50_FC70_FT10_TS0.025_OF40_hmin350_BuH0_BuP0_BuS0_ByH0_ByP0_ByS0_Stallo_IF150000_MS1000000_newMassSpc_MSF200000_xdim150000_fineMesh_accT125, ,300,-500,10,0.025,40,350,400,50,70,0,0,0,0,0,0,0,0,0,[150000],10000,2000,2500,-0.002,0.003,100,Stallo,F
GeomProj_SpinUp_SG_spcvx300_NL-500_FrM400_FlMreal50_FC50_FT50_TS0.025_OF40_hmin350_BuH0_BuP0_BuS0_ByH0_ByP0_ByS0_Stallo_IF150000_MS1000000_newMassSpc_MSF200000_xdim180000_fineMesh, ,300,-500,50,0.025,40,350,400,50,50,0,0,0,0,0,0,0,0,0,[180000],10000,2000,2500,-0.002,0.003,100,Stallo,F
GeomProj_SpinUp_SG_spcvx300_NL-500_FrM400_FlMreal50_FC50_FT50_TS0.025_OF40_hmin350_BuH0_BuP0_BuS0_ByH0_ByP0_ByS0_Stallo_IF150000_MS1000000_newMassSpc_MSF300000_xdim180000_fineMesh, ,300,-500,50,0.025,40,350,400,50,50,0,0,0,0,0,0,0,0,0,[180000],10000,2000,2500,-0.002,0.003,100,Stallo,F
GeomProj_SpinUp_SG_spcvx300_NL-500_FrM400_FlMreal50_FC70_FT50_TS0.025_OF40_hmin350_BuH0_BuP0_BuS0_ByH0_ByP0_ByS0_Stallo_IF150000_MS1000000_newMassSpc_MSF200000_xdim180000_fineMesh, ,300,-500,50,0.025,40,350,400,50,70,0,0,0,0,0,0,0,0,0,[180000],10000,2000,2500,-0.002,0.003,100,Stallo,F
GeomProj_SpinUp_SG_spcvx300_NL-500_FrM400_FlMreal50_FC70_FT50_TS0.025_OF40_hmin350_BuH0_BuP0_BuS0_ByH0_ByP0_ByS0_Stallo_IF150000_MS1000000_newMassSpc_MSF300000_xdim180000_fineMesh, ,300,-500,50,0.025,40,350,400,50,70,0,0,0,0,0,0,0,0,0,[180000],10000,2000,2500,-0.002,0.003,100,Stallo,F
GeomProj_SpinUp_SG_spcvx300_NL-500_FrM400_FlMreal50_FC50_FT50_TS0.025_OF40_hmin350_BuH0_BuP0_BuS0_ByH0_ByP0_ByS0_Stallo_IF150000_MS1000000_newMassSpc_MSF100000_xdim165000_fineMesh_noMinCalv, ,300,-500,50,0.025,40,350,400,50,50,0,0,0,0,0,0,0,0,0,[165000],10000,2000,2500,-0.002,0.003,100,Stallo,F
GeomProj_SpinUp_SG_spcvx300_NL-500_FrM400_FlMreal50_FC50_FT50_TS0.025_OF40_hmin350_BuH0_BuP0_BuS0_ByH0_ByP0_ByS0_Stallo_IF150000_MS1000000_newMassSpc_MSF200000_xdim165000_fineMesh_noMinCalv, ,300,-500,50,0.025,40,350,400,50,50,0,0,0,0,0,0,0,0,0,[165000],10000,2000,2500,-0.002,0.003,100,Stallo,F
GeomProj_SpinUp_SG_spcvx300_NL-500_FrM400_FlMreal50_FC70_FT50_TS0.025_OF40_hmin350_BuH0_BuP0_BuS0_ByH0_ByP0_ByS0_Stallo_IF150000_MS1000000_newMassSpc_MSF100000_xdim165000_fineMesh_noMinCalv, ,300,-500,50,0.025,40,350,400,50,70,0,0,0,0,0,0,0,0,0,[165000],10000,2000,2500,-0.002,0.003,100,Stallo,F
GeomProj_SpinUp_SG_spcvx300_NL-500_FrM400_FlMreal50_FC70_FT50_TS0.025_OF40_hmin350_BuH0_BuP0_BuS0_ByH0_ByP0_ByS0_Stallo_IF150000_MS1000000_newMassSpc_MSF200000_xdim165000_fineMesh_noMinCalv, ,300,-500,50,0.025,40,350,400,50,70,0,0,0,0,0,0,0,0,0,[165000],10000,2000,2500,-0.002,0.003,100,Stallo,F
GeomProj_SpinUp_SG_spcvx600_NL-500_FrM400_FlMreal50_FC50_FT50_TS0.025_OF40_hmin350_BuH0_BuP0_BuS0_ByH0_ByP0_ByS0_Stallo_IF150000_MS1000000_newMassSpc_MSF100000_xdim165000_fineMesh_noMinCalv, ,600,-500,50,0.025,40,350,400,50,50,0,0,0,0,0,0,0,0,0,[165000],10000,2000,2500,-0.002,0.003,100,Stallo,F
GeomProj_SpinUp_SG_spcvx600_NL-500_FrM400_FlMreal50_FC50_FT50_TS0.025_OF40_hmin350_BuH0_BuP0_BuS0_ByH0_ByP0_ByS0_Stallo_IF150000_MS1000000_newMassSpc_MSF200000_xdim165000_fineMesh_noMinCalv, ,600,-500,50,0.025,40,350,400,50,50,0,0,0,0,0,0,0,0,0,[165000],10000,2000,2500,-0.002,0.003,100,Stallo,F
GeomProj_SpinUp_SG_spcvx600_NL-500_FrM400_FlMreal50_FC70_FT50_TS0.025_OF40_hmin350_BuH0_BuP0_BuS0_ByH0_ByP0_ByS0_Stallo_IF150000_MS1000000_newMassSpc_MSF100000_xdim165000_fineMesh_noMinCalv, ,600,-500,50,0.025,40,350,400,50,70,0,0,0,0,0,0,0,0,0,[165000],10000,2000,2500,-0.002,0.003,100,Stallo,F
GeomProj_SpinUp_SG_spcvx600_NL-500_FrM400_FlMreal50_FC70_FT50_TS0.025_OF40_hmin350_BuH0_BuP0_BuS0_ByH0_ByP0_ByS0_Stallo_IF150000_MS1000000_newMassSpc_MSF200000_xdim165000_fineMesh_noMinCalv, ,600,-500,50,0.025,40,350,400,50,70,0,0,0,0,0,0,0,0,0,[165000],10000,2000,2500,-0.002,0.003,100,Stallo,F
GeomProj_SpinUp_SG_spcvx300_NL-500_FrM400_FlMreal50_FC50_FT50_TS0.025_OF40_hmin350_BuH0_BuP0_BuS0_ByH0_ByP0_ByS0_Stallo_IF150000_MS1000000_newMassSpc_MSF100000_xdim165000_fineMesh_noMinCalv, ,300,-500,50,0.025,40,350,400,50,50,0,0,0,0,0,0,0,0,0,[165000],10000,2000,2500,-0.002,0.003,100,Stallo,F
GeomProj_SpinUp_SG_spcvx300_NL-500_FrM400_FlMreal50_FC50_FT50_TS0.025_OF40_hmin350_BuH0_BuP0_BuS0_ByH0_ByP0_ByS0_Stallo_IF150000_MS1000000_newMassSpc_MSF200000_xdim165000_fineMesh_noMinCalv, ,300,-500,50,0.025,40,350,400,50,50,0,0,0,0,0,0,0,0,0,[165000],10000,2000,2500,-0.002,0.003,100,Stallo,F
GeomProj_SpinUp_SG_spcvx300_NL-500_FrM400_FlMreal50_FC70_FT50_TS0.025_OF40_hmin350_BuH0_BuP0_BuS0_ByH0_ByP0_ByS0_Stallo_IF150000_MS1000000_newMassSpc_MSF100000_xdim165000_fineMesh_noMinCalv, ,300,-500,50,0.025,40,350,400,50,70,0,0,0,0,0,0,0,0,0,[165000],10000,2000,2500,-0.002,0.003,100,Stallo,F
GeomProj_SpinUp_SG_spcvx300_NL-500_FrM400_FlMreal50_FC70_FT50_TS0.025_OF40_hmin350_BuH0_BuP0_BuS0_ByH0_ByP0_ByS0_Stallo_IF150000_MS1000000_newMassSpc_MSF200000_xdim165000_fineMesh_noMinCalv, ,300,-500,50,0.025,40,350,400,50,70,0,0,0,0,0,0,0,0,0,[165000],10000,2000,2500,-0.002,0.003,100,Stallo,F
GeomProj_SpinUp_SG_spcvx600_NL-500_FrM400_FlMreal50_FC50_FT50_TS0.025_OF40_hmin350_BuH0_BuP0_BuS0_ByH0_ByP0_ByS0_Stallo_IF150000_MS1000000_newMassSpc_MSF100000_xdim165000_fineMesh_noMinCalv, ,600,-500,50,0.025,40,350,400,50,50,0,0,0,0,0,0,0,0,0,[165000],10000,2000,2500,-0.002,0.003,100,Stallo,F
GeomProj_SpinUp_SG_spcvx600_NL-500_FrM400_FlMreal50_FC50_FT50_TS0.025_OF40_hmin350_BuH0_BuP0_BuS0_ByH0_ByP0_ByS0_Stallo_IF150000_MS1000000_newMassSpc_MSF200000_xdim165000_fineMesh_noMinCalv, ,600,-500,50,0.025,40,350,400,50,50,0,0,0,0,0,0,0,0,0,[165000],10000,2000,2500,-0.002,0.003,100,Stallo,F
GeomProj_SpinUp_SG_spcvx600_NL-500_FrM400_FlMreal50_FC70_FT50_TS0.025_OF40_hmin350_BuH0_BuP0_BuS0_ByH0_ByP0_ByS0_Stallo_IF150000_MS1000000_newMassSpc_MSF100000_xdim165000_fineMesh_noMinCalv, ,600,-500,50,0.025,40,350,400,50,70,0,0,0,0,0,0,0,0,0,[165000],10000,2000,2500,-0.002,0.003,100,Stallo,F
GeomProj_SpinUp_SG_spcvx300_NL-500_FrM400_FlMreal50_FC50_FT50_TS0.025_OF40_hmin350_BuH0_BuP0_BuS0_ByH0_ByP0_ByS0_Stallo_IF150000_MS1000000_newMassSpc_MSF100000_xdim165000_fineMesh_noMinCalv, ,300,-500,50,0.025,40,350,400,50,50,0,0,0,0,0,0,0,0,0,[165000],10000,2000,2500,-0.002,0.003,100,Stallo,F
GeomProj_SpinUp_SG_spcvx300_NL-500_FrM400_FlMreal50_FC50_FT50_TS0.025_OF40_hmin350_BuH0_BuP0_BuS0_ByH0_ByP0_ByS0_Stallo_IF150000_MS1000000_newMassSpc_MSF200000_xdim165000_fineMesh_noMinCalv, ,300,-500,50,0.025,40,350,400,50,50,0,0,0,0,0,0,0,0,0,[165000],10000,2000,2500,-0.002,0.003,100,Stallo,F
GeomProj_SpinUp_SG_spcvx300_NL-500_FrM400_FlMreal50_FC70_FT50_TS0.025_OF40_hmin350_BuH0_BuP0_BuS0_ByH0_ByP0_ByS0_Stallo_IF150000_MS1000000_newMassSpc_MSF100000_xdim165000_fineMesh_noMinCalv, ,300,-500,50,0.025,40,350,400,50,70,0,0,0,0,0,0,0,0,0,[165000],10000,2000,2500,-0.002,0.003,100,Stallo,F
GeomProj_SpinUp_SG_spcvx300_NL-500_FrM400_FlMreal50_FC70_FT50_TS0.025_OF40_hmin350_BuH0_BuP0_BuS0_ByH0_ByP0_ByS0_Stallo_IF150000_MS1000000_newMassSpc_MSF200000_xdim165000_fineMesh_noMinCalv, ,300,-500,50,0.025,40,350,400,50,70,0,0,0,0,0,0,0,0,0,[165000],10000,2000,2500,-0.002,0.003,100,Stallo,F
GeomProj_SpinUp_SG_spcvx600_NL-500_FrM400_FlMreal50_FC50_FT50_TS0.025_OF40_hmin350_BuH0_BuP0_BuS0_ByH0_ByP0_ByS0_Stallo_IF150000_MS1000000_newMassSpc_MSF100000_xdim165000_fineMesh_noMinCalv, ,600,-500,50,0.025,40,350,400,50,50,0,0,0,0,0,0,0,0,0,[165000],10000,2000,2500,-0.002,0.003,100,Stallo,F
GeomProj_SpinUp_SG_spcvx600_NL-500_FrM400_FlMreal50_FC50_FT50_TS0.025_OF40_hmin350_BuH0_BuP0_BuS0_ByH0_ByP0_ByS0_Stallo_IF150000_MS1000000_newMassSpc_MSF200000_xdim165000_fineMesh_noMinCalv, ,600,-500,50,0.025,40,350,400,50,50,0,0,0,0,0,0,0,0,0,[165000],10000,2000,2500,-0.002,0.003,100,Stallo,F
GeomProj_SpinUp_SG_spcvx600_NL-500_FrM400_FlMreal50_FC70_FT50_TS0.025_OF40_hmin350_BuH0_BuP0_BuS0_ByH0_ByP0_ByS0_Stallo_IF150000_MS1000000_newMassSpc_MSF100000_xdim165000_fineMesh_noMinCalv, ,600,-500,50,0.025,40,350,400,50,70,0,0,0,0,0,0,0,0,0,[165000],10000,2000,2500,-0.002,0.003,100,Stallo,F
GeomProj_SpinUp_SG_spcvx300_NL-500_FrM400_FlMreal50_FC50_FT50_TS0.025_OF40_hmin350_BuH0_BuP0_BuS0_ByH0_ByP0_ByS0_Stallo_IF150000_MS1000000_newMassSpc_MSF100000_xdim165000_fineMesh_noMinCalv, ,300,-500,50,0.025,40,350,400,50,50,0,0,0,0,0,0,0,0,0,[165000],10000,2000,2500,-0.002,0.003,100,Stallo,F
GeomProj_SpinUp_SG_spcvx300_NL-500_FrM400_FlMreal50_FC50_FT50_TS0.025_OF40_hmin350_BuH0_BuP0_BuS0_ByH0_ByP0_ByS0_Stallo_IF150000_MS1000000_newMassSpc_MSF200000_xdim165000_fineMesh_noMinCalv, ,300,-500,50,0.025,40,350,400,50,50,0,0,0,0,0,0,0,0,0,[165000],10000,2000,2500,-0.002,0.003,100,Stallo,F
GeomProj_SpinUp_SG_spcvx300_NL-500_FrM400_FlMreal50_FC70_FT50_TS0.025_OF40_hmin350_BuH0_BuP0_BuS0_ByH0_ByP0_ByS0_Stallo_IF150000_MS1000000_newMassSpc_MSF100000_xdim165000_fineMesh_noMinCalv, ,300,-500,50,0.025,40,350,400,50,70,0,0,0,0,0,0,0,0,0,[165000],10000,2000,2500,-0.002,0.003,100,Stallo,F
GeomProj_SpinUp_SG_spcvx300_NL-500_FrM400_FlMreal50_FC70_FT50_TS0.025_OF40_hmin350_BuH0_BuP0_BuS0_ByH0_ByP0_ByS0_Stallo_IF150000_MS1000000_newMassSpc_MSF200000_xdim165000_fineMesh_noMinCalv, ,300,-500,50,0.025,40,350,400,50,70,0,0,0,0,0,0,0,0,0,[165000],10000,2000,2500,-0.002,0.003,100,Stallo,F
GeomProj_SpinUp_SG_spcvx600_NL-500_FrM400_FlMreal50_FC50_FT50_TS0.025_OF40_hmin350_BuH0_BuP0_BuS0_ByH0_ByP0_ByS0_Stallo_IF150000_MS1000000_newMassSpc_MSF100000_xdim165000_fineMesh_noMinCalv, ,600,-500,50,0.025,40,350,400,50,50,0,0,0,0,0,0,0,0,0,[165000],10000,2000,2500,-0.002,0.003,100,Stallo,F
GeomProj_SpinUp_SG_spcvx600_NL-500_FrM400_FlMreal50_FC50_FT50_TS0.025_OF40_hmin350_BuH0_BuP0_BuS0_ByH0_ByP0_ByS0_Stallo_IF150000_MS1000000_newMassSpc_MSF200000_xdim165000_fineMesh_noMinCalv, ,600,-500,50,0.025,40,350,400,50,50,0,0,0,0,0,0,0,0,0,[165000],10000,2000,2500,-0.002,0.003,100,Stallo,F
GeomProj_SpinUp_SG_spcvx600_NL-500_FrM400_FlMreal50_FC70_FT50_TS0.025_OF40_hmin350_BuH0_BuP0_BuS0_ByH0_ByP0_ByS0_Stallo_IF150000_MS1000000_newMassSpc_MSF100000_xdim165000_fineMesh_noMinCalv, ,600,-500,50,0.025,40,350,400,50,70,0,0,0,0,0,0,0,0,0,[165000],10000,2000,2500,-0.002,0.003,100,Stallo,F
GeomProj_SpinUp_SG_spcvx600_NL-500_FrM400_FlMreal50_FC70_FT50_TS0.025_OF40_hmin350_BuH0_BuP0_BuS0_ByH0_ByP0_ByS0_Stallo_IF150000_MS1000000_newMassSpc_MSF200000_xdim165000_fineMesh_noMinCalv, ,600,-500,50,0.025,40,350,400,50,70,0,0,0,0,0,0,0,0,0,[165000],10000,2000,2500,-0.002,0.003,100,Stallo,F
GeomProj_SpinUp_SG_spcvx300_NL-500_FrM400_FlMreal50_FC90_FT50_TS0.025_OF40_hmin350_BuH0_BuP0_BuS0_ByH0_ByP0_ByS0_Stallo_IF150000_MS1000000_newMassSpc_MSF100000_xdim160000_fineMesh_noMinCalv, ,300,-500,50,0.025,40,350,400,50,90,0,0,0,0,0,0,0,0,0,[160000],10000,2000,2500,-0.002,0.003,100,Stallo,F
GeomProj_SpinUp_SG_spcvx300_NL-500_FrM400_FlMreal50_FC90_FT50_TS0.025_OF40_hmin350_BuH0_BuP0_BuS0_ByH0_ByP0_ByS0_Stallo_IF150000_MS2000000_newMassSpc_MSF100000_xdim160000_fineMesh_noMinCalv, ,300,-500,50,0.025,40,350,400,50,90,0,0,0,0,0,0,0,0,0,[160000],10000,2000,2500,-0.002,0.003,100,Stallo,F
GeomProj_SpinUp_SG_spcvx300_NL-500_FrM0_FlMreal0_FC90_FT50_TS0.025_OF40_hmin350_BuH0_BuP0_BuS0_ByH0_ByP0_ByS0_Stallo_IF150000_MS1000000_newMassSpc_MSF100000_xdim160000_fineMesh_noMinCalv, ,300,-500,50,0.025,40,350,0,0,90,0,0,0,0,0,0,0,0,0,[160000],10000,2000,2500,-0.002,0.003,100,Stallo,F
GeomProj_SpinUp_SG_spcvx300_NL-500_FrM0_FlMreal0_FC90_FT50_TS0.025_OF40_hmin350_BuH0_BuP0_BuS0_ByH0_ByP0_ByS0_Stallo_IF150000_MS2000000_newMassSpc_MSF100000_xdim160000_fineMesh_noMinCalv, ,300,-500,50,0.025,40,350,0,0,90,0,0,0,0,0,0,0,0,0,[160000],10000,2000,2500,-0.002,0.003,100,Stallo,F
GeomProj_SpinUp_SG_spcvx300_NL-500_FrM400_FlMreal50_FC90_FT50_TS0.025_OF40_hmin350_BuH0_BuP0_BuS0_ByH0_ByP0_ByS0_Stallo_IF150000_MS1000000_newMassSpc_MSF100000_xdim160000_finerMesh_noMinCalv, ,300,-500,50,0.025,40,350,400,50,90,0,0,0,0,0,0,0,0,0,[160000],10000,2000,2500,-0.002,0.003,100,Stallo,F
GeomProj_SpinUp_SG_spcvx300_NL-500_FrM400_FlMreal50_FC150_FT50_TS0.025_OF40_hmin350_BuH0_BuP0_BuS0_ByH0_ByP0_ByS0_Stallo_IF150000_MS1000000_newMassSpc_MSF100000_xdim160000_fineMesh_noMinCalv, ,300,-500,50,0.025,40,350,400,50,150,0,0,0,0,0,0,0,0,0,[160000],10000,2000,2500,-0.002,0.003,100,Stallo,F
GeomProj_SpinUp_load_SG_spcvx300_NL-500_FrM400_FlM50_FC150_FT50_TS0.025_OF40_hmin350_BuH0_BuP0_BuS0_ByH0_ByP0_ByS0_Stallo_IF150000_linRheol_MS1000000_newMassSpc_MSF100000_fineMesh_noMinCalv_accT100, ,300,-500,50,0.025,40,350,400,50,150,0,0,0,0,0,0,0,0,0,[160000],10000,2000,2500,-0.002,0.003,100,Stallo,F
GeomProj_SpinUp_SG_spcvx300_NL-500_FrM400_FlMreal50_FC150_FT50_TS0.025_OF40_hmin350_BuH0_BuP0_BuS0_ByH0_ByP0_ByS0_Stallo_IF150000_MS1000000_newMassSpc_MSF100000_xdim155000_fineMesh_noMinCalv_parStart, ,300,-500,50,0.025,40,350,400,50,150,0,0,0,0,0,0,0,0,0,[155000],10000,2000,2500,-0.002,0.003,100,Stallo,F
GeomProj_SpinUp_SG_spcvx300_NL-500_FrM400_FlMreal50_FC90_FT50_TS0.025_OF40_hmin350_BuH0_BuP0_BuS0_ByH0_ByP0_ByS0_Stallo_IF150000_MS1000000_newMassSpc_MSF100000_xdim155000_fineMesh_noMinCalv_parStart, ,300,-500,50,0.025,40,350,400,50,90,0,0,0,0,0,0,0,0,0,[155000],10000,2000,2500,-0.002,0.003,100,Stallo,F
GeomProj_SpinUp_load_SG_spcvx300_NL-500_FrM400_FlMreal50_FC150_FT100_TS0.025_OF40_hmin350_BuH0_BuP0_BuS0_ByH0_ByP0_ByS0_Stallo_IF150000_MS1000000_newMassSpc_MSF100000_xdim160000_fineMesh_noMinCalv_accT200, ,300,-500,100,0.025,40,350,400,50,150,0,0,0,0,0,0,0,0,0,[160000],10000,2000,2500,-0.002,0.003,100,Stallo,F
GeomProj_SpinUp_load_SG_spcvx300_NL-500_FrM400_FlMreal50_FC150_FT100_TS0.025_OF40_hmin350_BuH0_BuP0_BuS0_ByH0_ByP0_ByS0_Stallo_IF150000_MS1000000_newMassSpc_MSF100000_xdim160000_fineMesh_noMinCalv_accT200, ,300,-500,100,0.025,40,350,400,50,150,0,0,0,0,0,0,0,0,0,[160000],10000,2000,2500,-0.002,0.003,100,Stallo,F
GeomProj_SpinUp_load_SG_spcvx300_NL-500_FrM400_FlMreal50_FC150_FT100_TS0.025_OF40_hmin350_BuH0_BuP0_BuS0_ByH0_ByP0_ByS0_Stallo_IF150000_MS1000000_newMassSpc_MSF100000_xdim160000_fineMesh_noMinCalv_accT200, ,300,-500,100,0.025,40,350,400,50,150,0,0,0,0,0,0,0,0,0,[160000],10000,2000,2500,-0.002,0.003,100,Stallo,F
GeomProj_extenddomain_SG_spcvx300_NL-500_FrM400_FlMreal50_FC150_FT50_TS0.025_OF40_hmin350_BuH0_BuP0_BuS0_ByH0_ByP0_ByS0_Stallo_IF150000_MS1000000_newMassSpc_MSF100000_xdim160000_fineMesh_noMinCalv_accT100, ,300,-500,50,0.025,40,350,400,50,150,0,0,0,0,0,0,0,0,0,[160000],10000,2000,2500,-0.002,0.003,100,Stallo,F
GeomProj_extenddomain_SG_spcvx300_NL-500_FrM400_FlMreal50_FC150_FT50_TS0.025_OF40_hmin350_BuH0_BuP0_BuS0_ByH0_ByP0_ByS0_Stallo_IF150000_MS1000000_newMassSpc_MSF100000_xdim160000_fineMesh_noMinCalv_accT100, ,300,-500,50,0.025,40,350,400,50,150,0,0,0,0,0,0,0,0,0,[160000],10000,2000,2500,-0.002,0.003,100,Stallo,F
GeomProj_SpinUp_SG_spcvx3000_NL-500_FrM400_FlMreal50_FC50_FT50_TS0.025_OF40_hmin350_BuH0_BuP0_BuS0_ByH0_ByP0_ByS0_Stallo_IF150000_MS1000000_newMassSpc_MSF100000_xdim160000_fineMesh_noMinCalv, ,3000,-500,50,0.025,40,350,400,50,50,0,0,0,0,0,0,0,0,0,[160000],10000,2000,2500,-0.002,0.003,100,Stallo,F
GeomProj_SpinUp_SG_spcvx1500_NL-500_FrM400_FlMreal50_FC50_FT50_TS0.025_OF40_hmin350_BuH0_BuP0_BuS0_ByH0_ByP0_ByS0_Stallo_IF150000_MS1000000_newerMassSpc_MSF100000_xdim160000_fineMesh_noMinCalv_parStart40, ,1500,-500,50,0.025,40,350,400,50,50,0,0,0,0,0,0,0,0,0,[160000],10000,2000,2500,-0.002,0.003,100,Stallo,F
GeomProj_SpinUp_SG_spcvx900_NL-500_FrM400_FlMreal50_FC50_FT50_TS0.025_OF40_hmin350_BuH0_BuP0_BuS0_ByH0_ByP0_ByS0_Stallo_IF150000_MS1000000_newerMassSpc_MSF100000_xdim160000_fineMesh_noMinCalv_parStart40, ,900,-500,50,0.025,40,350,400,50,50,0,0,0,0,0,0,0,0,0,[160000],10000,2000,2500,-0.002,0.003,100,Stallo,F
GeomProj_SpinUp_SG_spcvx100_NL-500_FrM400_FlMreal50_FC50_FT50_TS0.025_OF40_hmin350_BuH0_BuP0_BuS0_ByH0_ByP0_ByS0_Stallo_IF150000_MS1000000_newerMassSpc_MSF100000_xdim160000_fineMesh_noMinCalv_parStart40, ,100,-500,50,0.025,40,350,400,50,50,0,0,0,0,0,0,0,0,0,[160000],10000,2000,2500,-0.002,0.003,100,Stallo,F
GeomProj_SpinUp_SG_spcvx300_NL-500_FrM400_FlMreal50_FC50_FT50_TS0.025_OF40_hmin350_BuH0_BuP0_BuS0_ByH0_ByP0_ByS0_Stallo_IF150000_MS1000000_newerMassSpc_MSF100000_xdim160000_fineMesh_noMinCalv_parStart40, ,300,-500,50,0.025,40,350,400,50,50,0,0,0,0,0,0,0,0,0,[160000],10000,2000,2500,-0.002,0.003,100,Stallo,F
GeomProj_SpinUp_SG_spcvx600_NL-500_FrM400_FlMreal50_FC50_FT50_TS0.025_OF40_hmin350_BuH0_BuP0_BuS0_ByH0_ByP0_ByS0_Stallo_IF150000_MS1000000_newerMassSpc_MSF100000_xdim160000_fineMesh_noMinCalv_parStart40, ,600,-500,50,0.025,40,350,400,50,50,0,0,0,0,0,0,0,0,0,[160000],10000,2000,2500,-0.002,0.003,100,Stallo,F
GeomProj_extenddomain_SG_spcvx600_NL-500_FrM400_FlMreal50_FC50_FT50_TS0.025_OF40_hmin350_BuH0_BuP0_BuS0_ByH0_ByP0_ByS0_Stallo_IF150000_MS1000000_newMassSpc_MSF100000_xdim160000_fineMesh_noMinCalv_parStart40_accT100, ,600,-500,50,0.025,40,350,400,50,50,0,0,0,0,0,0,0,0,0,[160000],10000,2000,2500,-0.002,0.003,100,Stallo,F
GeomProj_extenddomain_SG_spcvx600_NL-500_FrM400_FlMreal50_FC50_FT50_TS0.025_OF40_hmin350_BuH0_BuP0_BuS0_ByH0_ByP0_ByS0_Stallo_IF150000_MS1000000_newMassSpc_MSF100000_xdim160000_fineMesh_noMinCalv_parStart40_accT100, ,600,-500,50,0.025,40,350,400,50,50,0,0,0,0,0,0,0,0,0,[160000],10000,2000,2500,-0.002,0.003,100,Stallo,F
GeomProj_SpinUp_SG_spcvx800_NL-500_FrM400_FlMreal50_FC50_FT50_TS0.025_OF40_hmin350_BuH0_BuP0_BuS0_ByH0_ByP0_ByS0_Stallo_IF150000_MS1000000_newestMassSpc_MSF100000_xdim160000_fineMesh_noMinCalv_parStart10, ,800,-500,50,0.025,40,350,400,50,50,0,0,0,0,0,0,0,0,0,[160000],10000,2000,2500,-0.002,0.003,100,Stallo,F
GeomProj_SpinUp_SG_spcvx800_NL-500_FrM400_FlMreal50_FC150_FT50_TS0.025_OF40_hmin350_BuH0_BuP0_BuS0_ByH0_ByP0_ByS0_Stallo_IF150000_MS1000000_newestMassSpc_MSF100000_xdim160000_fineMesh_noMinCalv_parStart10, ,800,-500,50,0.025,40,350,400,50,150,0,0,0,0,0,0,0,0,0,[160000],10000,2000,2500,-0.002,0.003,100,Stallo,F
GeomProj_SpinUp_load_SG_spcvx600_NL-500_FrM400_FlMreal50_FC50_FT50_TS0.025_OF40_hmin350_BuH0_BuP0_BuS0_ByH0_ByP0_ByS0_Stallo_IF150000_MS1000000_newMassSpc_MSF100000_xdim160000_fineMesh_noMinCalv_accT150, ,600,-500,50,0.025,40,350,400,50,50,0,0,0,0,0,0,0,0,0,[160000],10000,2000,2500,-0.002,0.003,100,Stallo,F
GeomProj_extenddomain_SG_spcvx600_NL-500_FrM400_FlMreal50_FC50_FT200_TS0.025_OF40_hmin350_BuH0_BuP0_BuS0_ByH0_ByP0_ByS0_Stallo_IF150000_MS1000000_newMassSpc_MSF100000_xdim160000_fineMesh_noMinCalv_parStart40_accT350, ,600,-500,200,0.025,40,350,400,50,50,0,0,0,0,0,0,0,0,0,[160000],10000,2000,2500,-0.002,0.003,100,Stallo,F
GeomProj_SpinUp_load_SG_spcvx800_NL-500_FrM400_FlMreal50_FC150_FT200_TS0.025_OF40_hmin350_BuH0_BuP0_BuS0_ByH0_ByP0_ByS0_Stallo_IF150000_MS1000000_newMassSpc_MSF100000_xdim160000_fineMesh_noMinCalv_accT250, ,800,-500,200,0.025,40,350,400,50,150,0,0,0,0,0,0,0,0,0,[160000],10000,2000,2500,-0.002,0.003,100,Stallo,F
GeomProj_SpinUp_SG_spcvx800_NL-500_FrM400_FlMreal50_FC20_FT100_TS0.025_OF40_hmin350_BuH0_BuP0_BuS0_ByH0_ByP0_ByS0_Stallo_IF150000_MS1000000_newestMassSpc_MSF100000_xdim160000_fineMesh_noMinCalv_parStart10, ,800,-500,100,0.025,40,350,400,50,20,0,0,0,0,0,0,0,0,0,[160000],10000,2000,2500,-0.002,0.003,100,Stallo,F
GeomProj_SpinUp_SG_spcvx2000_NL-500_FrM400_FlMreal50_FC20_FT100_TS0.025_OF40_hmin350_BuH0_BuP0_BuS0_ByH0_ByP0_ByS0_Stallo_IF150000_MS1000000_newestMassSpc_MSF100000_xdim160000_fineMesh_noMinCalv_parStart10, ,2000,-500,100,0.025,40,350,400,50,20,0,0,0,0,0,0,0,0,0,[160000],10000,2000,2500,-0.002,0.003,100,Stallo,F
GeomProj_SpinUp_SG_spcvx600_NL-500_FrM400_FlMreal50_FC30_FT50_TS0.025_OF40_hmin350_BuH0_BuP0_BuS0_ByH0_ByP0_ByS0_Stallo_IF150000_MS1000000_newestMassSpc_MSF100000_xdim160000_fineMesh_noMinCalv_parStart10, ,600,-500,50,0.025,40,350,400,50,30,0,0,0,0,0,0,0,0,0,[160000],10000,2000,2500,-0.002,0.003,100,Stallo,F
GeomProj_SpinUp_SG_spcvx600_NL-500_FrM400_FlMreal50_FC40_FT50_TS0.025_OF40_hmin350_BuH0_BuP0_BuS0_ByH0_ByP0_ByS0_Stallo_IF150000_MS1000000_newestMassSpc_MSF100000_xdim160000_fineMesh_noMinCalv_parStart10, ,600,-500,50,0.025,40,350,400,50,40,0,0,0,0,0,0,0,0,0,[160000],10000,2000,2500,-0.002,0.003,100,Stallo,F
GeomProj_SpinUp_SG_spcvx600_NL-500_FrM0_FlMreal0_FC40_FT50_TS0.025_OF40_hmin350_BuH0_BuP0_BuS0_ByH0_ByP0_ByS0_Stallo_IF150000_MS1000000_newestMassSpc_MSF100000_xdim160000_fineMesh_noMinCalv_parStart10, ,600,-500,50,0.025,40,350,0,0,40,0,0,0,0,0,0,0,0,0,[160000],10000,2000,2500,-0.002,0.003,100,Stallo,F
GeomProj_SpinUp_SG_spcvx600_NL-500_FrM400_FlMreal50_FC30_FT50_TS0.025_OF40_hmin350_BuH0_BuP0_BuS0_ByH0_ByP0_ByS0_Stallo_IF150000_MS4000000_newestMassSpc_MSF100000_xdim160000_fineMesh_noMinCalv_parStart10, ,600,-500,50,0.025,40,350,400,50,30,0,0,0,0,0,0,0,0,0,[160000],10000,2000,2500,-0.002,0.003,100,Stallo,F
GeomProj_extenddomain_SG_spcvx600_NL-500_FrM400_FlMreal50_FC30_FT100_TS0.025_OF40_hmin350_BuH0_BuP0_BuS0_ByH0_ByP0_ByS0_Stallo_IF150000_MS4000000_newMassSpc_MSF100000_xdim160000_fineMesh_noMinCalv_parStart10_accT150, ,600,-500,100,0.025,40,350,400,50,30,0,0,0,0,0,0,0,0,0,[160000],10000,2000,2500,-0.002,0.003,100,Stallo,F
GeomProj_SpinUp_SG_spcvx600_NL-500_FrM400_FlMreal50_FC30_FT10_TS0.025_OF40_hmin350_BuH0_BuP0_BuS0_ByH0_ByP0_ByS0_Stallo_IF150000_MS4000000_newestMassSpc_MSF100000_xdim160000_fineMesh_noMinCalv_parStart10_noCalv, ,600,-500,10,0.025,40,350,400,50,30,0,0,0,0,0,0,0,0,0,[160000],10000,2000,2500,-0.002,0.003,100,Stallo,F
GeomProj_SpinUp_SG_spcvx600_NL-500_FrM400_FlMreal50_FC50_FT50_TS0.025_OF20_hmin350_BuH0_BuP0_BuS0_ByH0_ByP0_ByS0_Stallo_IF150000_MS1000000_newestMassSpc_MSF100000_xdim160000_fineMesh_noMinCalv_parStart40_p3, ,600,-500,50,0.025,20,350,400,50,50,0,0,0,0,0,0,0,0,0,[160000],10000,2000,2500,-0.002,0.003,100,Stallo,F
GeomProj_SpinUp_SG_spcvx600_NL-500_FrM400_FlMreal50_FC100_FT50_TS0.025_OF20_hmin350_BuH0_BuP0_BuS0_ByH0_ByP0_ByS0_Stallo_IF20000_MS1000000_newestMassSpc_MSF100000_xdim30000_fineMesh_noMinCalv_parStart10, ,600,-500,50,0.025,20,350,400,50,100,0,0,0,0,0,0,0,0,0,[30000],10000,2000,2500,-0.002,0.003,100,Stallo,F
GeomProj_SpinUp_SG_spcvx600_NL-500_FrM400_FlMreal50_FC50_FT50_TS0.025_OF20_hmin350_BuH0_BuP0_BuS0_ByH0_ByP0_ByS0_Stallo_IF20000_MS1000000_newestMassSpc_MSF100000_xdim30000_fineMesh_noMinCalv_parStart10, ,600,-500,50,0.025,20,350,400,50,50,0,0,0,0,0,0,0,0,0,[30000],10000,2000,2500,-0.002,0.003,100,Stallo,F
GeomProj_SpinUp_SG_spcvx600_NL-500_FrM400_FlMreal50_FC100_FT50_TS0.025_OF20_hmin350_BuH0_BuP0_BuS0_ByH0_ByP0_ByS0_Stallo_IF150000_MS1000000_newestMassSpc_MSF100000_xdim160000_fineMesh_noMinCalv_noGL, ,600,-500,50,0.025,20,350,400,50,100,0,0,0,0,0,0,0,0,0,[160000],10000,2000,2500,-0.002,0.003,100,Stallo,F
GeomProj_SpinUp_SG_spcvx600_NL-500_FrM400_FlMreal50_FC50_FT50_TS0.025_OF40_hmin350_BuH0_BuP0_BuS0_ByH0_ByP0_ByS0_Stallo_IF20000_MS1000000_newestMassSpc_MSF100000_xdim60000_fineMesh_noMinCalv_parStart10, ,600,-500,50,0.025,40,350,400,50,50,0,0,0,0,0,0,0,0,0,[60000],10000,2000,2500,-0.002,0.003,100,Stallo,F
GeomProj_SpinUp_SG_spcvx600_NL-500_FrM400_FlMreal50_FC50_FT50_TS0.025_OF40_hmin350_BuH0_BuP0_BuS0_ByH0_ByP0_ByS0_Stallo_IF20000_MS1000000_newestMassSpc_MSF100000_xdim60000_fineMesh_noMinCalv_parStart10, ,600,-500,50,0.025,40,350,400,50,50,0,0,0,0,0,0,0,0,0,[60000],10000,2000,2500,-0.002,0.003,100,Stallo,F
GeomProj_SpinUp_load_SG_spcvx600_NL-500_FrM400_FlMreal50_FC50_FT100_TS0.025_OF40_hmin350_BuH0_BuP0_BuS0_ByH0_ByP0_ByS0_Stallo_IF20000_MS1000000_newMassSpc_MSF100000_xdim60000_fineMesh_noMinCalv_accT150_parStart10,STEADY STATE,600,-500,100,0.025,40,350,400,50,50,0,0,0,0,0,0,0,0,0,[60000],10000,2000,2500,-0.002,0.003,100,Stallo,F
GeomProj_SpinUp_load_SG_spcvx600_NL-500_FrM400_FlMreal50_FC40_FT30_TS0.025_OF40_hmin350_BuH0_BuP0_BuS0_ByH0_ByP0_ByS0_Stallo_IF20000_MS1000000_newMassSpc_MSF100000_xdim60000_fineMesh_noMinCalv_accT170_parStart10, ,600,-500,30,0.025,40,350,400,50,40,0,0,0,0,0,0,0,0,0,[60000],10000,2000,2500,-0.002,0.003,100,Stallo,F
GeomProj_SpinUp_load_SG_spcvx600_NL-500_FrM400_FlMreal50_FC50_FT30_TS0.025_OF40_hmin350_BuH0_BuP0_BuS0_ByH0_ByP0_ByS0_Stallo_IF20000_MS1000000_newMassSpc_MSF100000_xdim60000_fineMesh_noMinCalv_accT170_parStart10, ,600,-500,30,0.025,40,350,400,50,50,0,0,0,0,0,0,0,0,0,[60000],10000,2000,2500,-0.002,0.003,100,Stallo,F
GeomProj_SpinUp_load_SG_spcvx800_NL-500_FrM400_FlMreal50_FC40_FT30_TS0.025_OF40_hmin350_BuH0_BuP0_BuS0_ByH0_ByP0_ByS0_Stallo_IF20000_MS1000000_newMassSpc_MSF100000_xdim60000_fineMesh_noMinCalv_accT170_parStart10, ,800,-500,30,0.025,40,350,400,50,40,0,0,0,0,0,0,0,0,0,[60000],10000,2000,2500,-0.002,0.003,100,Stallo,F
GeomProj_SpinUp_load_SG_spcvx800_NL-500_FrM400_FlMreal50_FC50_FT30_TS0.025_OF40_hmin350_BuH0_BuP0_BuS0_ByH0_ByP0_ByS0_Stallo_IF20000_MS1000000_newMassSpc_MSF100000_xdim60000_fineMesh_noMinCalv_accT170_parStart10, ,800,-500,30,0.025,40,350,400,50,50,0,0,0,0,0,0,0,0,0,[60000],10000,2000,2500,-0.002,0.003,100,Stallo,F
GeomProj_SpinUp_load_SG_spcvx800_NL-500_FrM400_FlMreal50_FC40_FT20_TS0.025_OF40_hmin350_BuH0_BuP0_BuS0_ByH0_ByP0_ByS0_Stallo_IF20000_MS4000000_newMassSpc_MSF100000_xdim60000_fineMesh_noMinCalv_accT200_parStart10, ,800,-500,20,0.025,40,350,400,50,40,0,0,0,0,0,0,0,0,0,[60000],10000,2000,2500,-0.002,0.003,100,Stallo,F
GeomProj_SpinUp_load_SG_spcvx800_NL-500_FrM400_FlMreal50_FC40_FT20_TS0.025_OF40_hmin350_BuH0_BuP0_BuS0_ByH0_ByP0_ByS0_Stallo_IF20000_MS1000000_newMassSpc_MSF100000_xdim60000_fineMesh_noMinCalv_accT200_parStart10, ,800,-500,20,0.025,40,350,400,50,40,0,0,0,0,0,0,0,0,0,[60000],10000,2000,2500,-0.002,0.003,100,Stallo,F
GeomProj_SpinUp_load_SG_spcvx1000_NL-500_FrM400_FlMreal50_FC30_FT50_TS0.025_OF40_hmin350_BuH0_BuP0_BuS0_ByH0_ByP0_ByS0_Stallo_IF20000_MS1000000_newMassSpc_MSF100000_xdim60000_fineMesh_noMinCalv_accT250_parStart10, ,1000,-500,50,0.025,40,350,400,50,30,0,0,0,0,0,0,0,0,0,[60000],10000,2000,2500,-0.002,0.003,100,Stallo,F
GeomProj_SpinUp_load_SG_spcvx1000_NL-500_FrM400_FlMreal50_FC35_FT20_TS0.025_OF40_hmin350_BuH0_BuP0_BuS0_ByH0_ByP0_ByS0_Stallo_IF20000_MS1000000_newMassSpc_MSF100000_xdim60000_fineMesh_noMinCalv_accT220_parStart10, ,1000,-500,20,0.025,40,350,400,50,35,0,0,0,0,0,0,0,0,0,[60000],10000,2000,2500,-0.002,0.003,100,Stallo,F
GeomProj_SpinUp_load_SG_spcvx1000_NL-500_FrM400_FlMreal50_FC40_FT20_TS0.025_OF40_hmin350_BuH0_BuP0_BuS0_ByH0_ByP0_ByS0_Stallo_IF20000_MS1000000_newMassSpc_MSF100000_xdim60000_fineMesh_noMinCalv_accT220_parStart10, ,1000,-500,20,0.025,40,350,400,50,40,0,0,0,0,0,0,0,0,0,[60000],10000,2000,2500,-0.002,0.003,100,Stallo,F
GeomProj_SpinUp_load_SG_spcvx1000_NL-500_FrM400_FlMreal50_FC40_FT30_TS0.025_OF40_hmin350_BuH0_BuP0_BuS0_ByH0_ByP0_ByS0_Stallo_IF20000_MS1000000_newMassSpc_MSF100000_xdim60000_fineMesh_noMinCalv_accT250_parStart10, ,1000,-500,30,0.025,40,350,400,50,40,0,0,0,0,0,0,0,0,0,[60000],10000,2000,2500,-0.002,0.003,100,Stallo,F
GeomProj_SpinUp_load_SG_spcvx1000_NL-500_FrM400_FlMreal50_FC40_FT30_TS0.025_OF40_hmin350_BuH0_BuP0_BuS0_ByH0_ByP0_ByS0_Stallo_IF20000_MS1000000_newMassSpc_MSF300000_xdim60000_fineMesh_noMinCalv_accT250_parStart10, ,1000,-500,30,0.025,40,350,400,50,40,0,0,0,0,0,0,0,0,0,[60000],10000,2000,2500,-0.002,0.003,100,Stallo,F
GeomProj_SpinUp_load_SG_spcvx1000_NL-500_FrM400_FlMreal50_FC40_FT30_TS0.025_OF40_hmin350_BuH0_BuP0_BuS0_ByH0_ByP0_ByS0_Stallo_IF20000_MS1000000_newMassSpc_MSF300000_xdim60000_fineMesh_noMinCalv_accT250_parStart10, ,1000,-500,30,0.025,40,350,400,50,40,0,0,0,0,0,0,0,0,0,[60000],10000,2000,2500,-0.002,0.003,100,Stallo,F
GeomProj_SpinUp_load_SG_spcvx1000_NL-500_FrM400_FlMreal50_FC40_FT30_TS0.025_OF40_hmin350_BuH0_BuP0_BuS0_ByH0_ByP0_ByS0_Stallo_IF20000_MS1000000_newMassSpc_MSF100000_xdim60000_fineMesh_noMinCalv_accT250_parStart10, ,1000,-500,30,0.025,40,350,400,50,40,0,0,0,0,0,0,0,0,0,[60000],10000,2000,2500,-0.002,0.003,100,Stallo,F
GeomProj_SpinUp_load_SG_spcvx1000_NL-500_FrM400_FlMreal50_FC40_FT50_TS0.025_OF40_hmin350_BuH0_BuP0_BuS0_ByH0_ByP0_ByS0_Stallo_IF20000_MS1000000_newMassSpc_MSF300000_xdim60000_fineMesh_noMinCalv_accT300_parStart10, ,1000,-500,50,0.025,40,350,400,50,40,0,0,0,0,0,0,0,0,0,[60000],10000,2000,2500,-0.002,0.003,100,Stallo,F
GeomProj_extenddomain_SG_spcvx1000_NL-500_FrM400_FlMreal50_FC40_FT50_TS0.025_OF40_hmin350_BuH0_BuP0_BuS0_ByH0_ByP0_ByS0_Stallo_IF20000_MS1000000_newMassSpc_MSF300000_xdim60000_fineMesh_noMinCalv_accT300_parStart10, ,1000,-500,50,0.025,40,350,400,50,40,0,0,0,0,0,0,0,0,0,[60000],10000,2000,2500,-0.002,0.003,100,Stallo,F
GeomProj_extenddomain_SG_spcvx1000_NL-500_FrM400_FlMreal50_FC40_FT50_TS0.025_OF40_hmin350_BuH0_BuP0_BuS0_ByH0_ByP0_ByS0_Stallo_IF20000_MS1000000_newMassSpc_MSF300000_xdim60000_fineMesh_noMinCalv_accT300_parStart10, ,1000,-500,50,0.025,40,350,400,50,40,0,0,0,0,0,0,0,0,0,[60000],10000,2000,2500,-0.002,0.003,100,Stallo,F
GeomProj_extenddomain_SG_spcvx1000_NL-500_FrM400_FlMreal50_FC40_FT50_TS0.025_OF40_hmin350_BuH0_BuP0_BuS0_ByH0_ByP0_ByS0_Stallo_IF20000_MS1000000_newMassSpc_MSF300000_xdim60000_fineMesh_noMinCalv_accT300_parStart10, ,1000,-500,50,0.025,40,350,400,50,40,0,0,0,0,0,0,0,0,0,[60000],10000,2000,2500,-0.002,0.003,100,Stallo,F
GeomProj_extenddomain_SG_spcvx1000_NL-500_FrM400_FlMreal50_FC40_FT50_TS0.025_OF40_hmin350_BuH0_BuP0_BuS0_ByH0_ByP0_ByS0_Stallo_IF20000_MS1000000_newMassSpc_MSF300000_xdim60000_fineMesh_noMinCalv_accT300_parStart10, ,1000,-500,50,0.025,40,350,400,50,40,0,0,0,0,0,0,0,0,0,[60000],10000,2000,2500,-0.002,0.003,100,Stallo,F
GeomProj_SpinUp_load_SG_spcvx1000_NL-500_FrM400_FlMreal50_FC40_FT10_TS0.025_OF40_hmin350_BuH0_BuP0_BuS0_ByH0_ByP0_ByS0_Stallo_IF20000_MS1000000_newMassSpc_MSF300000_xdim60000_fineMesh_noMinCalv_accT310_parStart10, ,1000,-500,10,0.025,40,350,400,50,40,0,0,0,0,0,0,0,0,0,[60000],10000,2000,2500,-0.002,0.003,100,Stallo,F
GeomProj_SpinUp_load_SG_spcvx1000_NL-500_FrM400_FlMreal50_FC30_FT10_TS0.025_OF40_hmin350_BuH0_BuP0_BuS0_ByH0_ByP0_ByS0_Stallo_IF20000_MS1000000_newMassSpc_MSF500000_xdim60000_fineMesh_noMinCalv_accT310_parStart10, ,1000,-500,10,0.025,40,350,400,50,30,0,0,0,0,0,0,0,0,0,[60000],10000,2000,2500,-0.002,0.003,100,Stallo,F
GeomProj_SpinUp_load_SG_spcvx1000_NL-500_FrM400_FlMreal50_FC35_FT10_TS0.025_OF40_hmin350_BuH0_BuP0_BuS0_ByH0_ByP0_ByS0_Stallo_IF20000_MS1000000_newMassSpc_MSF400000_xdim60000_fineMesh_noMinCalv_accT310_parStart10, ,1000,-500,10,0.025,40,350,400,50,35,0,0,0,0,0,0,0,0,0,[60000],10000,2000,2500,-0.002,0.003,100,Stallo,F
GeomProj_SpinUp_load_SG_spcvx1000_NL-500_FrM400_FlMreal50_FC38_FT10_TS0.025_OF40_hmin350_BuH0_BuP0_BuS0_ByH0_ByP0_ByS0_Stallo_IF20000_MS1000000_newMassSpc_MSF400000_xdim60000_fineMesh_noMinCalv_accT310_parStart10, ,1000,-500,10,0.025,40,350,400,50,38,0,0,0,0,0,0,0,0,0,[60000],10000,2000,2500,-0.002,0.003,100,Stallo,F
GeomProj_SpinUp_load_SG_spcvx1000_NL-500_FrM400_FlMreal50_FC40_FT10_TS0.025_OF40_hmin350_BuH0_BuP0_BuS0_ByH0_ByP0_ByS0_Stallo_IF20000_MS1000000_newMassSpc_MSF300000_xdim60000_fineMesh_noMinCalv_accT310_parStart10_inH800, ,1000,-500,10,0.025,40,350,400,50,40,0,0,0,0,0,0,0,0,0,[60000],10000,2000,2500,-0.002,0.003,100,Stallo,F
GeomProj_SpinUp_load_SG_spcvx1000_NL-500_FrM400_FlMreal50_FC38_FT20_TS0.025_OF40_hmin350_BuH0_BuP0_BuS0_ByH0_ByP0_ByS0_Stallo_IF20000_MS1000000_newMassSpc_MSF400000_xdim60000_fineMesh_noMinCalv_accT380_parStart10_inH500, ,1000,-500,20,0.025,40,350,400,50,38,0,0,0,0,0,0,0,0,0,[60000],10000,2000,2500,-0.002,0.003,100,Stallo,F
GeomProj_SpinUp_load_SG_spcvx1000_NL-500_FrM400_FlMreal50_FC38_FT20_TS0.025_OF40_hmin350_BuH0_BuP0_BuS0_ByH0_ByP0_ByS0_Stallo_IF20000_MS1000000_newMassSpc_MSF400000_xdim60000_fineMesh_noMinCalv_accT400_parStart10_inH500, ,1000,-500,20,0.025,40,350,400,50,38,0,0,0,0,0,0,0,0,0,[60000],10000,2000,2500,-0.002,0.003,100,Stallo,F
GeomProj_SpinUp_load_SG_spcvx1000_NL-500_FrM400_FlMreal50_FC38_FT20_TS0.025_OF40_hmin350_BuH0_BuP0_BuS0_ByH0_ByP0_ByS0_Stallo_IF20000_MS1000000_newMassSpc_MSF400000_xdim60000_fineMesh_noMinCalv_accT400_parStart10_inH500, ,1000,-500,20,0.025,40,350,400,50,38,0,0,0,0,0,0,0,0,0,[60000],10000,2000,2500,-0.002,0.003,100,Stallo,F
GeomProj_extenddomain_SG_spcvx1000_NL-500_FrM400_FlMreal50_FC36_FT50_TS0.025_OF40_hmin350_BuH0_BuP0_BuS0_ByH0_ByP0_ByS0_Stallo_IF20000_MS1000000_newMassSpc_MSF400000_xdim70000_fineMesh_noMinCalv_accT450_parStart10_inH500, ,1000,-500,50,0.025,40,350,400,50,36,0,0,0,0,0,0,0,0,0,[70000],10000,2000,2500,-0.002,0.003,100,Stallo,F
GeomProj_extenddomain_SG_spcvx1000_NL-500_FrM400_FlMreal50_FC36_FT50_TS0.025_OF40_hmin350_BuH0_BuP0_BuS0_ByH0_ByP0_ByS0_Stallo_IF20000_MS1000000_newMassSpc_MSF500000_xdim70000_fineMesh_noMinCalv_accT450_parStart10_inH500, ,1000,-500,50,0.025,40,350,400,50,36,0,0,0,0,0,0,0,0,0,[70000],10000,2000,2500,-0.002,0.003,100,Stallo,F
GeomProj_SpinUp_load_SG_spcvx1000_NL-500_FrM400_FlMreal50_FC36_FT30_TS0.025_OF40_hmin350_BuH0_BuP0_BuS0_ByH0_ByP0_ByS0_Stallo_IF20000_MS1000000_newMassSpc_MSF500000_xdim70000_fineMesh_noMinCalv_accT480_parStart10_inH500, ,1000,-500,30,0.025,40,350,400,50,36,0,0,0,0,0,0,0,0,0,[70000],10000,2000,2500,-0.002,0.003,100,Stallo,F
GeomProj_SpinUp_load_SG_spcvx1000_NL-500_FrM400_FlMreal50_FC36_FT20_TS0.025_OF40_hmin350_BuH0_BuP0_BuS0_ByH0_ByP0_ByS0_Stallo_IF20000_MS1000000_newMassSpc_MSF500000_xdim70000_fineMesh_noMinCalv_accT500_parStart10_inH500, ,1000,-500,20,0.025,40,350,400,50,36,0,0,0,0,0,0,0,0,0,[70000],10000,2000,2500,-0.002,0.003,100,Stallo,F
GeomProj_SpinUp_load_SG_spcvx1000_NL-500_FrM400_FlMreal50_FC36_FT50_TS0.025_OF40_hmin350_BuH0_BuP0_BuS0_ByH0_ByP0_ByS0_Stallo_IF20000_MS1000000_newMassSpc_MSF500000_xdim70000_fineMesh_noMinCalv_accT500_parStart10_inH1000, ,1000,-500,50,0.025,40,350,400,50,36,0,0,0,0,0,0,0,0,0,[70000],10000,2000,2500,-0.002,0.003,100,Stallo,F
GeomProj_SpinUp_load_SG_spcvx500_NL-500_FrM400_FlMreal50_FC36_FT10_TS0.01_OF40_hmin350_BuH0_BuP0_BuS0_ByH0_ByP0_ByS0_Stallo_IF20000_MS1000000_newMassSpc_MSF700000_xdim70000_fineMesh_noMinCalv_accT500_parStart10_inH500, ,500,-500,10,0.01,40,350,400,50,36,0,0,0,0,0,0,0,0,0,[70000],10000,2000,2500,-0.002,0.003,100,Stallo,F
GeomProj_SpinUp_load_SG_spcvx800_NL-500_FrM400_FlMreal50_FC35_FT10_TS0.01_OF40_hmin350_BuH0_BuP0_BuS0_ByH0_ByP0_ByS0_Stallo_IF20000_MS1000000_newMassSpc_MSF600000_xdim70000_fineMesh_noMinCalv_accT500_parStart10_inH500, ,800,-500,10,0.01,40,350,400,50,35,0,0,0,0,0,0,0,0,0,[70000],10000,2000,2500,-0.002,0.003,100,Stallo,F
GeomProj_extenddomain_SG_spcvx1000_NL-500_FrM400_FlMreal50_FC36_FT20_TS0.01_OF40_hmin350_BuH0_BuP0_BuS0_ByH0_ByP0_ByS0_Stallo_IF20000_MS1000000_newMassSpc_MSF500000_xdim90000_fineMesh_noMinCalv_accT520_parStart10_inH500, ,1000,-500,20,0.01,40,350,400,50,36,0,0,0,0,0,0,0,0,0,[90000],10000,2000,2500,-0.002,0.003,100,Stallo,F
GeomProj_extenddomain_SG_spcvx500_NL-500_FrM400_FlMreal50_FC36_FT20_TS0.0125_OF40_hmin350_BuH0_BuP0_BuS0_ByH0_ByP0_ByS0_Stallo_IF20000_MS1000000_newMassSpc_MSF600000_xdim90000_fineMesh_noMinCalv_accT520_parStart10_inH500, ,500,-500,20,0.0125,40,350,400,50,36,0,0,0,0,0,0,0,0,0,[90000],10000,2000,2500,-0.002,0.003,100,Stallo,F
GeomProj_extenddomain_SG_spcvx500_NL-500_FrM400_FlMreal50_FC36_FT20_TS0.0125_OF40_hmin350_BuH0_BuP0_BuS0_ByH0_ByP0_ByS0_Stallo_IF20000_MS1000000_newMassSpc_MSF300000_xdim110000_fineMesh_noMinCalv_accT520_parStart10_inH500, ,500,-500,20,0.0125,40,350,400,50,36,0,0,0,0,0,0,0,0,0,[110000],10000,2000,2500,-0.002,0.003,100,Stallo,F
GeomProj_extenddomain_SG_spcvx500_NL-500_FrM400_FlMreal50_FC36_FT20_TS0.0125_OF40_hmin350_BuH0_BuP0_BuS0_ByH0_ByP0_ByS0_Stallo_IF20000_MS1000000_newMassSpc_MSF100000_xdim110000_fineMesh_noMinCalv_accT520_parStart10_inH500, ,500,-500,20,0.0125,40,350,400,50,36,0,0,0,0,0,0,0,0,0,[110000],10000,2000,2500,-0.002,0.003,100,Stallo,F
GeomProj_extenddomain_SG_spcvx500_NL-500_FrM400_FlMreal50_FC36_FT20_TS0.01_OF40_hmin350_BuH0_BuP0_BuS0_ByH0_ByP0_ByS0_Stallo_IF20000_MS1000000_newMassSpc_MSF300000_xdim110000_fineMesh_noMinCalv_accT520_parStart10_inH500, ,500,-500,20,0.01,40,350,400,50,36,0,0,0,0,0,0,0,0,0,[110000],10000,2000,2500,-0.002,0.003,100,Stallo,F
GeomProj_SpinUp_load_SG_spcvx500_NL-500_FrM400_FlMreal50_FC36_FT30_TS0.01_OF40_hmin350_BuH0_BuP0_BuS0_ByH0_ByP0_ByS0_Stallo_IF20000_MS1000000_newMassSpc_MSF300000_xdim110000_fineMesh_noMinCalv_accT550_parStart10_inH500, ,500,-500,30,0.01,40,350,400,50,36,0,0,0,0,0,0,0,0,0,[110000],10000,2000,2500,-0.002,0.003,100,Stallo,F
GeomProj_SpinUp_load_SG_spcvx500_NL-500_FrM400_FlMreal50_FC36_FT30_TS0.01_OF40_hmin350_BuH0_BuP0_BuS0_ByH0_ByP0_ByS0_Stallo_IF20000_MS1000000_newMassSpc_MSF300000_xdim110000_fineMesh_noMinCalv_accT550_parStart10_inH500, ,500,-500,30,0.01,40,350,400,50,36,0,0,0,0,0,0,0,0,0,[110000],10000,2000,2500,-0.002,0.003,100,Stallo,F
GeomProj_SpinUp_load_SG_spcvx500_NL-500_FrM400_FlMreal50_FC36_FT30_TS0.01_OF40_hmin350_BuH0_BuP0_BuS0_ByH0_ByP0_ByS0_Stallo_IF20000_MS1000000_newMassSpc_MSF300000_xdim110000_fineMesh_noMinCalv_accT550_parStart10_inH500, ,500,-500,30,0.01,40,350,400,50,36,0,0,0,0,0,0,0,0,0,[110000],10000,2000,2500,-0.002,0.003,100,Stallo,F
GeomProj_SpinUp_load_SG_spcvx500_NL-500_FrM400_FlMreal50_FC36_FT30_TS0.0125_OF40_hmin350_BuH0_BuP0_BuS0_ByH0_ByP0_ByS0_Stallo_IF20000_MS1000000_newMassSpc_MSF200000_xdim110000_fineMesh_noMinCalv_accT580_parStart10_inH500, ,500,-500,30,0.0125,40,350,400,50,36,0,0,0,0,0,0,0,0,0,[110000],10000,2000,2500,-0.002,0.003,100,Stallo,F
GeomProj_SpinUp_load_SG_spcvx500_NL-500_FrM400_FlMreal50_FC36_FT30_TS0.0125_OF40_hmin350_BuH0_BuP0_BuS0_ByH0_ByP0_ByS0_Stallo_IF20000_MS1000000_newMassSpc_MSF300000_xdim110000_fineMesh_noMinCalv_accT580_parStart10_inH500, ,500,-500,30,0.0125,40,350,400,50,36,0,0,0,0,0,0,0,0,0,[110000],10000,2000,2500,-0.002,0.003,100,Stallo,F
GeomProj_extenddomain_SG_spcvx500_NL-500_FrM400_FlMreal50_FC36_FT100_TS0.0125_OF80_hmin350_BuH0_BuP0_BuS0_ByH0_ByP0_ByS0_Stallo_IF20000_MS1000000_newMassSpc_MSF300000_xdim110000_fineMesh_noMinCalv_accT680_parStart10_inH500, ,500,-500,100,0.0125,80,350,400,50,36,0,0,0,0,0,0,0,0,0,[110000],10000,2000,2500,-0.002,0.003,100,Stallo,F
GeomProj_extenddomain_SG_spcvx500_NL-500_FrM400_FlMreal50_FC36_FT100_TS0.0125_OF80_hmin350_BuH0_BuP0_BuS0_ByH0_ByP0_ByS0_Stallo_IF20000_MS1000000_newMassSpc_MSF200000_xdim100000_fineMesh_noMinCalv_accT680_parStart10_inH500, ,500,-500,100,0.0125,80,350,400,50,36,0,0,0,0,0,0,0,0,0,[100000],10000,2000,2500,-0.002,0.003,100,Stallo,F
GeomProj_SpinUp_SG_spcvx500_NL-500_FrM400_FlMreal50_FC36_FT20_TS0.01_OF100_hmin350_BuH0_BuP0_BuS0_ByH0_ByP0_ByS0_Stallo_IF20000_MS1000000_newestMassSpc_MSF100000_xdim40000_fineMesh_noMinCalv_parStart10, ,500,-500,20,0.01,100,350,400,50,36,0,0,0,0,0,0,0,0,0,[40000],10000,2000,2500,-0.002,0.003,100,Stallo,F
GeomProj_SpinUp_SG_spcvx500_NL-500_FrM400_FlMreal50_FC36_FT20_TS0.01_OF100_hmin350_BuH0_BuP0_BuS0_ByH0_ByP0_ByS0_Stallo_IF20000_MS1000000_newestMassSpc_MSF200000_xdim40000_fineMesh_noMinCalv_parStart10, ,500,-500,20,0.01,100,350,400,50,36,0,0,0,0,0,0,0,0,0,[40000],10000,2000,2500,-0.002,0.003,100,Stallo,F
GeomProj_SpinUp_load_SG_spcvx500_NL-500_FrM400_FlMreal50_FC36_FT30_TS0.0125_OF80_hmin350_BuH0_BuP0_BuS0_ByH0_ByP0_ByS0_Stallo_IF20000_MS1000000_newMassSpc_MSF100000_xdim40000_fineMesh_noMinCalv_accT50_parStart10_inH500, ,500,-500,30,0.0125,80,350,400,50,36,0,0,0,0,0,0,0,0,0,[40000],10000,2000,2500,-0.002,0.003,100,Stallo,F
GeomProj_SpinUp_load_SG_spcvx500_NL-500_FrM400_FlMreal50_FC36_FT30_TS0.0125_OF80_hmin350_BuH0_BuP0_BuS0_ByH0_ByP0_ByS0_Stallo_IF20000_MS1000000_newMassSpc_MSF200000_xdim40000_fineMesh_noMinCalv_accT50_parStart10_inH500, ,500,-500,30,0.0125,80,350,400,50,36,0,0,0,0,0,0,0,0,0,[40000],10000,2000,2500,-0.002,0.003,100,Stallo,F
GeomProj_SpinUp_load_SG_spcvx500_NL-500_FrM400_FlMreal50_FC36_FT30_TS0.0125_OF80_hmin350_BuH0_BuP0_BuS0_ByH0_ByP0_ByS0_Stallo_IF20000_MS1000000_newMassSpc_MSF200000_xdim40000_fineMesh_noMinCalv_accT50_parStart10_inH500, ,500,-500,30,0.0125,80,350,400,50,36,0,0,0,0,0,0,0,0,0,[40000],10000,2000,2500,-0.002,0.003,100,Stallo,F
GeomProj_SpinUp_SG_spcvx200_NL-500_FrM400_FlMreal50_FC50_FT10_TS0.01_OF100_hmin350_BuH0_BuP0_BuS0_ByH0_ByP0_ByS0_Stallo_IF20000_MS1000000_newestMassSpc_MSF100000_xdim30000_fineMesh_noMinCalv_parStart10, ,200,-500,10,0.01,100,350,400,50,50,0,0,0,0,0,0,0,0,0,[30000],10000,2000,2500,-0.002,0.003,100,Stallo,F
GeomProj_SpinUp_SG_spcvx200_NL-500_FrM400_FlMreal50_FC50_FT10_TS0.01_OF100_hmin350_BuH0_BuP0_BuS0_ByH0_ByP0_ByS0_Stallo_IF20000_MS1000000_newestMassSpc_MSF200000_xdim30000_fineMesh_noMinCalv_parStart10, ,200,-500,10,0.01,100,350,400,50,50,0,0,0,0,0,0,0,0,0,[30000],10000,2000,2500,-0.002,0.003,100,Stallo,F
GeomProj_SpinUp_SG_spcvx200_NL-500_FrM400_FlMreal50_FC70_FT10_TS0.01_OF100_hmin350_BuH0_BuP0_BuS0_ByH0_ByP0_ByS0_Stallo_IF20000_MS1000000_newestMassSpc_MSF100000_xdim30000_fineMesh_noMinCalv_parStart10, ,200,-500,10,0.01,100,350,400,50,70,0,0,0,0,0,0,0,0,0,[30000],10000,2000,2500,-0.002,0.003,100,Stallo,F
GeomProj_SpinUp_SG_spcvx200_NL-500_FrM400_FlMreal50_FC70_FT10_TS0.01_OF100_hmin350_BuH0_BuP0_BuS0_ByH0_ByP0_ByS0_Stallo_IF20000_MS1000000_newestMassSpc_MSF200000_xdim30000_fineMesh_noMinCalv_parStart10, ,200,-500,10,0.01,100,350,400,50,70,0,0,0,0,0,0,0,0,0,[30000],10000,2000,2500,-0.002,0.003,100,Stallo,F
GeomProj_SpinUp_SG_spcvx200_NL-500_FrM400_FlMreal50_FC90_FT10_TS0.01_OF100_hmin350_BuH0_BuP0_BuS0_ByH0_ByP0_ByS0_Stallo_IF20000_MS1000000_newestMassSpc_MSF100000_xdim30000_fineMesh_noMinCalv_parStart10, ,200,-500,10,0.01,100,350,400,50,90,0,0,0,0,0,0,0,0,0,[30000],10000,2000,2500,-0.002,0.003,100,Stallo,F
GeomProj_SpinUp_SG_spcvx200_NL-500_FrM400_FlMreal50_FC90_FT10_TS0.01_OF100_hmin350_BuH0_BuP0_BuS0_ByH0_ByP0_ByS0_Stallo_IF20000_MS1000000_newestMassSpc_MSF200000_xdim30000_fineMesh_noMinCalv_parStart10, ,200,-500,10,0.01,100,350,400,50,90,0,0,0,0,0,0,0,0,0,[30000],10000,2000,2500,-0.002,0.003,100,Stallo,F
GeomProj_SpinUp_SG_spcvx200_NL-500_FrM400_FlMreal50_FC50_FT10_TS0.01_OF100_hmin350_BuH0_BuP0_BuS0_ByH0_ByP0_ByS0_Stallo_IF20000_MS1000000_newestMassSpc_MSF100000_xdim30000_fineMesh_noMinCalv_parStart35, ,200,-500,10,0.01,100,350,400,50,50,0,0,0,0,0,0,0,0,0,[30000],10000,2000,2500,-0.002,0.003,100,Stallo,F
GeomProj_SpinUp_SG_spcvx300_NL-500_FrM400_FlMreal50_FC50_FT20_TS0.01_OF100_hmin350_BuH0_BuP0_BuS0_ByH0_ByP0_ByS0_Stallo_IF20000_MS1000000_newestMassSpc_MSF100000_xdim30000_fineMesh_noMinCalv_parStart35, ,300,-500,20,0.01,100,350,400,50,50,0,0,0,0,0,0,0,0,0,[30000],10000,2000,2500,-0.002,0.003,100,Stallo,F
GeomProj_SpinUp_SG_spcvx400_NL-500_FrM400_FlMreal50_FC50_FT10_TS0.01_OF100_hmin350_BuH0_BuP0_BuS0_ByH0_ByP0_ByS0_Stallo_IF20000_MS1000000_newestMassSpc_MSF200000_xdim30000_fineMesh_noMinCalv_parStart35, ,400,-500,10,0.01,100,350,400,50,50,0,0,0,0,0,0,0,0,0,[30000],10000,2000,2500,-0.002,0.003,100,Stallo,F
GeomProj_SpinUp_SG_spcvx400_NL-500_FrM400_FlMreal50_FC50_FT10_TS0.01_OF100_hmin350_BuH0_BuP0_BuS0_ByH0_ByP0_ByS0_Stallo_IF20000_MS1000000_newestMassSpc_MSF500000_xdim30000_fineMesh_noMinCalv_parStart35, ,400,-500,10,0.01,100,350,400,50,50,0,0,0,0,0,0,0,0,0,[30000],10000,2000,2500,-0.002,0.003,100,Stallo,F
GeomProj_SpinUp_SG_spcvx500_NL-500_FrM400_FlMreal50_FC50_FT100_TS0.0125_OF80_hmin350_BuH0_BuP0_BuS0_ByH0_ByP0_ByS0_Stallo_IF20000_MS1000000_newestMassSpc_MSF400000_xdim70000_fineMesh_noMinCalv_parStart35,"good one, soon steady-state, only floating area too large",500,-500,100,0.0125,80,350,400,50,50,0,0,0,0,0,0,0,0,0,[70000],10000,2000,2500,-0.002,0.003,100,Stallo,F
GeomProj_SpinUp_SG_spcvx600_NL-500_FrM400_FlMreal50_FC50_FT100_TS0.0125_OF80_hmin350_BuH0_BuP0_BuS0_ByH0_ByP0_ByS0_Stallo_IF20000_MS1000000_newestMassSpc_MSF400000_xdim70000_fineMesh_noMinCalv_parStart35, ,600,-500,100,0.0125,80,350,400,50,50,0,0,0,0,0,0,0,0,0,[70000],10000,2000,2500,-0.002,0.003,100,Stallo,F
GeomProj_SpinUp_SG_spcvx600_NL-500_FrM400_FlMreal50_FC50_FT100_TS0.0125_OF80_hmin350_BuH0_BuP0_BuS0_ByH0_ByP0_ByS0_Stallo_IF20000_MS1000000_newestMassSpc_MSF300000_xdim70000_fineMesh_noMinCalv_parStart35, ,600,-500,100,0.0125,80,350,400,50,50,0,0,0,0,0,0,0,0,0,[70000],10000,2000,2500,-0.002,0.003,100,Stallo,F
GeomProj_SpinUp_SG_spcvx500_NL-500_FrM400_FlMreal50_FC50_FT100_TS0.0125_OF80_hmin350_BuH0_BuP0_BuS0_ByH0_ByP0_ByS0_Stallo_IF20000_MS1000000_newestMassSpc_MSF300000_xdim70000_fineMesh_noMinCalv_parStart35, ,500,-500,100,0.0125,80,350,400,50,50,0,0,0,0,0,0,0,0,0,[70000],10000,2000,2500,-0.002,0.003,100,Stallo,F
GeomProj_extenddomain_SG_spcvx500_NL-500_FrM400_FlMreal50_FC50_FT50_TS0.0125_OF80_hmin350_BuH0_BuP0_BuS0_ByH0_ByP0_ByS0_Stallo_IF20000_MS1000000_newMassSpc_MSF300000_xdim65000_fineMesh_noMinCalv_accT150_parStart35_inH0, ,500,-500,50,0.0125,80,350,400,50,50,0,0,0,0,0,0,0,0,0,[65000],10000,2000,2500,-0.002,0.003,100,Stallo,F
GeomProj_extenddomain_SG_spcvx600_NL-500_FrM400_FlMreal50_FC50_FT50_TS0.0125_OF80_hmin350_BuH0_BuP0_BuS0_ByH0_ByP0_ByS0_Stallo_IF20000_MS1000000_newMassSpc_MSF300000_xdim70000_fineMesh_noMinCalv_accT150_parStart35_inH0, ,600,-500,50,0.0125,80,350,400,50,50,0,0,0,0,0,0,0,0,0,[70000],10000,2000,2500,-0.002,0.003,100,Stallo,F
GeomProj_extenddomain_SG_spcvx500_NL-500_FrM400_FlMreal50_FC50_FT50_TS0.0125_OF80_hmin350_BuH0_BuP0_BuS0_ByH0_ByP0_ByS0_Stallo_IF20000_MS1000000_newMassSpc_MSF400000_xdim80000_fineMesh_noMinCalv_accT150_parStart35_inH0, ,500,-500,50,0.0125,80,350,400,50,50,0,0,0,0,0,0,0,0,0,[80000],10000,2000,2500,-0.002,0.003,100,Stallo,F
GeomProj_extenddomain_SG_spcvx600_NL-500_FrM400_FlMreal50_FC50_FT50_TS0.0125_OF80_hmin350_BuH0_BuP0_BuS0_ByH0_ByP0_ByS0_Stallo_IF20000_MS1000000_newMassSpc_MSF300000_xdim90000_fineMesh_noMinCalv_accT200_parStart35_inH0, ,600,-500,50,0.0125,80,350,400,50,50,0,0,0,0,0,0,0,0,0,[90000],10000,2000,2500,-0.002,0.003,100,Stallo,F
GeomProj_extenddomain_SG_spcvx500_NL-500_FrM400_FlMreal50_FC50_FT50_TS0.0125_OF80_hmin350_BuH0_BuP0_BuS0_ByH0_ByP0_ByS0_Stallo_IF20000_MS1000000_newMassSpc_MSF300000_xdim90000_fineMesh_noMinCalv_accT167_parStart35_inH0, ,500,-500,50,0.0125,80,350,400,50,50,0,0,0,0,0,0,0,0,0,[90000],10000,2000,2500,-0.002,0.003,100,Stallo,F
GeomProj_extenddomain_SG_spcvx500_NL-500_FrM400_FlMreal50_FC50_FT50_TS0.0125_OF80_hmin350_BuH0_BuP0_BuS0_ByH0_ByP0_ByS0_Stallo_IF20000_MS1000000_newMassSpc_MSF400000_xdim90000_fineMesh_noMinCalv_accT200_parStart35_inH0, ,500,-500,50,0.0125,80,350,400,50,50,0,0,0,0,0,0,0,0,0,[90000],10000,2000,2500,-0.002,0.003,100,Stallo,F
GeomProj_extenddomain_SG_spcvx600_NL-500_FrM400_FlMreal50_FC50_FT150_TS0.0125_OF80_hmin350_BuH0_BuP0_BuS0_ByH0_ByP0_ByS0_Stallo_IF20000_MS1000000_newMassSpc_MSF300000_xdim80000_fineMesh_noMinCalv_accT350_parStart35_inH0, ,600,-500,150,0.0125,80,350,400,50,50,0,0,0,0,0,0,0,0,0,[80000],10000,2000,2500,-0.002,0.003,100,Stallo,F
GeomProj_extenddomain_SG_spcvx500_NL-500_FrM400_FlMreal50_FC50_FT150_TS0.0125_OF80_hmin350_BuH0_BuP0_BuS0_ByH0_ByP0_ByS0_Stallo_IF20000_MS1000000_newMassSpc_MSF400000_xdim105000_fineMesh_noMinCalv_accT350_parStart35_inH0, ,500,-500,150,0.0125,80,350,400,50,50,0,0,0,0,0,0,0,0,0,[105000],10000,2000,2500,-0.002,0.003,100,Stallo,F
GeomProj_extenddomain_SG_spcvx500_NL-500_FrM400_FlMreal50_FC50_FT150_TS0.0125_OF80_hmin350_BuH0_BuP0_BuS0_ByH0_ByP0_ByS0_Stallo_IF20000_MS1000000_newMassSpc_MSF300000_xdim90000_fineMesh_noMinCalv_accT317_parStart35_inH0, ,500,-500,150,0.0125,80,350,400,50,50,0,0,0,0,0,0,0,0,0,[90000],10000,2000,2500,-0.002,0.003,100,Stallo,F
GeomProj_extenddomain_SG_spcvx500_NL-500_FrM400_FlMreal50_FC50_FT100_TS0.0125_OF80_hmin350_BuH0_BuP0_BuS0_ByH0_ByP0_ByS0_Stallo_IF20000_MS1000000_newMassSpc_MSF400000_xdim100000_fineMesh_noMinCalv_accT450_parStart35_inH0, ,500,-500,100,0.0125,80,350,400,50,50,0,0,0,0,0,0,0,0,0,[100000],10000,2000,2500,-0.002,0.003,100,Stallo,F
GeomProj_extenddomain_SG_spcvx600_NL-500_FrM400_FlMreal50_FC50_FT100_TS0.0125_OF80_hmin350_BuH0_BuP0_BuS0_ByH0_ByP0_ByS0_Stallo_IF20000_MS1000000_newMassSpc_MSF300000_xdim75000_fineMesh_noMinCalv_accT450_parStart35_inH0, ,600,-500,100,0.0125,80,350,400,50,50,0,0,0,0,0,0,0,0,0,[75000],10000,2000,2500,-0.002,0.003,100,Stallo,F
GeomProj_SpinUp_load_SG_spcvx500_NL-500_FrM400_FlMreal50_FC50_FT100_TS0.0125_OF80_hmin350_BuH0_BuP0_BuS0_ByH0_ByP0_ByS0_Stallo_IF20000_MS1000000_newMassSpc_MSF400000_xdim105000_fineMesh_noMinCalv_accT450_parStart35_inH0, ,500,-500,100,0.0125,80,350,400,50,50,0,0,0,0,0,0,0,0,0,[105000],10000,2000,2500,-0.002,0.003,100,Stallo,F
GeomProj_SpinUp_load_SG_spcvx500_NL-500_FrM400_FlMreal50_FC50_FT100_TS0.0125_OF80_hmin350_BuH0_BuP0_BuS0_ByH0_ByP0_ByS0_Stallo_IF20000_MS1000000_newMassSpc_MSF400000_xdim105000_fineMesh_noMinCalv_accT450_parStart35_inH0, ,500,-500,100,0.0125,80,350,400,50,50,0,0,0,0,0,0,0,0,0,[105000],10000,2000,2500,-0.002,0.003,100,Stallo,F
GeomProj_SpinUp_load_SG_spcvx500_NL-500_FrM400_FlMreal50_FC50_FT100_TS0.0125_OF80_hmin350_BuH0_BuP0_BuS0_ByH0_ByP0_ByS0_Stallo_IF20000_MS1000000_newMassSpc_MSF390000_xdim105000_fineMesh_noMinCalv_accT550_parStart35_inH0, ,500,-500,100,0.0125,80,350,400,50,50,0,0,0,0,0,0,0,0,0,[105000],10000,2000,2500,-0.002,0.003,100,Stallo,F
GeomProj_SpinUp_load_SG_spcvx500_NL-500_FrM400_FlMreal50_FC40_FT100_TS0.0125_OF80_hmin350_BuH0_BuP0_BuS0_ByH0_ByP0_ByS0_Stallo_IF20000_MS1000000_newMassSpc_MSF400000_xdim105000_fineMesh_noMinCalv_accT550_parStart35_inH0, ,500,-500,100,0.0125,80,350,400,50,40,0,0,0,0,0,0,0,0,0,[105000],10000,2000,2500,-0.002,0.003,100,Stallo,F
GeomProj_SpinUp_load_SG_spcvx500_NL-500_FrM400_FlMreal50_FC60_FT100_TS0.0125_OF80_hmin350_BuH0_BuP0_BuS0_ByH0_ByP0_ByS0_Stallo_IF20000_MS1000000_newMassSpc_MSF400000_xdim105000_fineMesh_noMinCalv_accT550_parStart35_inH0, ,500,-500,100,0.0125,80,350,400,50,60,0,0,0,0,0,0,0,0,0,[105000],10000,2000,2500,-0.002,0.003,100,Stallo,F
GeomProj_extenddomain_SG_spcvx600_NL-500_FrM400_FlMreal50_FC50_FT150_TS0.0125_OF80_hmin350_BuH0_BuP0_BuS0_ByH0_ByP0_ByS0_Stallo_IF20000_MS1000000_newMassSpc_MSF300000_xdim100000_fineMesh_noMinCalv_accT500_parStart35_inH0, ,600,-500,150,0.0125,80,350,400,50,50,0,0,0,0,0,0,0,0,0,[100000],10000,2000,2500,-0.002,0.003,100,Stallo,F
GeomProj_SpinUp_load_SG_spcvx600_NL-500_FrM400_FlMreal50_FC40_FT100_TS0.02_OF50_hmin350_BuH0_BuP0_BuS0_ByH0_ByP0_ByS0_Stallo_IF20000_MS1000000_newMassSpc_MSF400000_xdim105000_fineMesh_noMinCalv_accT550_parStart35_inH0, ,600,-500,100,0.02,50,350,400,50,40,0,0,0,0,0,0,0,0,0,[105000],10000,2000,2500,-0.002,0.003,100,Stallo,F
GeomProj_SpinUp_load_SG_spcvx700_NL-500_FrM400_FlMreal50_FC40_FT100_TS0.02_OF50_hmin350_BuH0_BuP0_BuS0_ByH0_ByP0_ByS0_Stallo_IF20000_MS1000000_newMassSpc_MSF400000_xdim105000_fineMesh_noMinCalv_accT550_parStart35_inH0, ,700,-500,100,0.02,50,350,400,50,40,0,0,0,0,0,0,0,0,0,[105000],10000,2000,2500,-0.002,0.003,100,Stallo,F
